Brazil,America
Albania,Europe
Afghanistan,Asia
Algeria,Africa
Andorra,Europe
Angola,Africa
Antigua and Barbuda,America
Argentina,America
Armenia,Asia
Aruba,America
Australia,Oceania
Austria,Europe
Azerbaijan,Asia
Bahamas The,America
Bahrain,Asia
Bangladesh,Asia
Barbados,America
Belarus,Europe
Belgium,Europe
Belize,America
Benin,Africa
Bhutan,Asia
Bolivia,America
Bosnia and Herzegovina,Europe
Botswana,Africa
Brazil,America
Brunei Darussalam,Asia
Bulgaria,Europe
Burkina Faso,Africa
Burundi,Africa
Cabo Verde,Africa
Cambodia,Asia
Cameroon,Africa
Canada,America
Central African Republic,Africa
Chad,Africa
Chile,America
China People's Republic of,Asia
Colombia,America
Comoros,Africa
Congo Dem. Rep. of the,Africa
Congo Republic of ,Africa
Costa Rica,America
Croatia,Europe
Cyprus,Europe
Czech Republic,Europe
Côte d'Ivoire,Africa
Denmark,Europe
Djibouti,Africa
Dominica,America
Dominican Republic,America
Ecuador,America
Egypt,Africa
El Salvador,America
Equatorial Guinea,Africa
Eritrea,Africa
Estonia,Europe
Eswatini,Africa
Ethiopia,Africa
Fiji,Oceania
Finland,Europe
France,Europe
Gabon,Africa
Gambia The,Africa
Georgia,Asia
Germany,Europe
Ghana,Africa
Greece,Europe
Grenada,America
Guatemala,America
Guinea,Africa
Guinea-Bissau,Africa
Guyana,America
Haiti,America
Honduras,America
Hong Kong SAR,Asia
Hungary,Europe
Iceland,Europe
India,Asia
Indonesia,Asia
Iran,Asia
Iraq,Asia
Ireland,Europe
Israel,Asia
Italy,Europe
Jamaica,America
Japan,Asia
Jordan,Asia
Kazakhstan,Asia
Kenya,Africa
Kiribati,Oceania
Korea Republic of,Asia
Kosovo,Europe
Kuwait,Asia
Kyrgyz Republic,Asia
Lao P.D.R.,Asia
Latvia,Europe
Lebanon,Asia
Lesotho,Africa
Liberia,Africa
Libya,Africa
Lithuania,Europe
Luxembourg,Europe
Macao SAR,Asia
Madagascar,Africa
Malawi,Africa
Malaysia,Asia
Maldives,Asia
Mali,Africa
Malta,Europe
Marshall Islands,Oceania
Mauritania,Africa
Mauritius,Africa
Mexico,America
Micronesia Fed. States of,Oceania
Moldova,Europe
Mongolia,Asia
Montenegro,Europe
Morocco,Africa
Mozambique,Africa
Myanmar,Asia
Namibia,Africa
Nauru,Oceania
Nepal,Asia
Netherlands,Europe
New Zealand,Oceania
Nicaragua,America
Niger,Africa
Nigeria,Africa
North Macedonia ,Europe
Norway,Europe
Oman,Asia
Pakistan,Asia
Palau,Oceania
Panama,America
Papua New Guinea,Oceania
Paraguay,America
Peru,America
Philippines,Asia
Poland,Europe
Portugal,Europe
Puerto Rico,America
Qatar,Asia
Romania,Europe
Russian Federation,Europe
Rwanda,Africa
Saint Kitts and Nevis,America
Saint Lucia,America
Saint Vincent and the Grenadines,America
Samoa,Oceania
San Marino,Europe
Saudi Arabia,Asia
Senegal,Africa
Serbia,Europe
Seychelles,Africa
Sierra Leone,Africa
Singapore,Asia
Slovak Republic,Europe
Slovenia,Europe
Solomon Islands,Oceania
Somalia,Africa
South Africa,Africa
South Sudan Republic of,Africa
Spain,Europe
Sri Lanka,Asia
Sudan,Africa
Suriname,America
Sweden,Europe
Switzerland,Europe
Syria,Asia
São Tomé and Príncipe,Africa
Taiwan Province of China,Asia
Tajikistan,Asia
Tanzania,Africa
Thailand,Asia
Timor-Leste,Asia
Togo,Africa
Tonga,Oceania
Trinidad and Tobago,America
Tunisia,Africa
Turkmenistan,Asia
Tuvalu,Oceania
Türkiye Republic of,Asia
Uganda,Africa
Ukraine,Europe
United Arab Emirates,Asia
United Kingdom,Europe
United States,America
Uruguay,America
Uzbekistan,Asia
Vanuatu,Oceania
Venezuela,America
Vietnam,Asia
West Bank and Gaza,Asia
Yemen,Asia
Zambia,Africa
Zimbabwe,Africa
